Parliamentary constituency Code,Parliamentary constituency Name,Oct-23,Jan-24,Apr-24,Jul-24,"Oct-24 [Note 12, 14]",Jan-25
E14001063,Aldershot (Post 2024 General Election), [x] , [x] , [x] , [x] ,90,143
E14001064,Aldridge-Brownhills (Post 2024 General Election), [x] , [x] , [x] , [x] ,23,22
E14001065,Altrincham and Sale West (Post 2024 General Election), [x] , [x] , [x] , [x] ,55,41
E14001066,Amber Valley (Post 2024 General Election), [x] , [x] , [x] , [x] ,41,47
E14001067,Arundel and South Downs (Post 2024 General Election), [x] , [x] , [x] , [x] ,87,87
E14001068,Ashfield (Post 2024 General Election), [x] , [x] , [x] , [x] ,71,48
E14001069,Ashford (Post 2024 General Election), [x] , [x] , [x] , [x] ,96,110
E14001070,Ashton-under-Lyne (Post 2024 General Election), [x] , [x] , [x] , [x] ,28,31
E14001071,Aylesbury (Post 2024 General Election), [x] , [x] , [x] , [x] ,46,52
E14001072,Banbury (Post 2024 General Election), [x] , [x] , [x] , [x] ,161,168
E14001073,Barking (Post 2024 General Election), [x] , [x] , [x] , [x] ,73,63
E14001074,Barnsley North (Post 2024 General Election), [x] , [x] , [x] , [x] ,54,70
E14001075,Barnsley South (Post 2024 General Election), [x] , [x] , [x] , [x] ,42,45
E14001076,Barrow and Furness (Post 2024 General Election), [x] , [x] , [x] , [x] ,92,98
E14001077,Basildon and Billericay (Post 2024 General Election), [x] , [x] , [x] , [x] ,62,55
E14001078,Basingstoke (Post 2024 General Election), [x] , [x] , [x] , [x] ,71,94
E14001079,Bassetlaw (Post 2024 General Election), [x] , [x] , [x] , [x] ,70,90
E14001080,Bath (Post 2024 General Election), [x] , [x] , [x] , [x] ,53,57
E14001081,Battersea (Post 2024 General Election), [x] , [x] , [x] , [x] ,599,532
E14001082,Beaconsfield (Post 2024 General Election), [x] , [x] , [x] , [x] ,112,120
E14001083,Beckenham and Penge (Post 2024 General Election), [x] , [x] , [x] , [x] ,49,57
E14001084,Bedford (Post 2024 General Election), [x] , [x] , [x] , [x] ,153,123
E14001085,Bermondsey and Old Southwark (Post 2024 General Election), [x] , [x] , [x] , [x] ,392,410
E14001086,Bethnal Green and Stepney (Post 2024 General Election), [x] , [x] , [x] , [x] ,130,124
E14001087,Beverley and Holderness (Post 2024 General Election), [x] , [x] , [x] , [x] ,74,87
E14001088,Bexhill and Battle (Post 2024 General Election), [x] , [x] , [x] , [x] ,32,31
E14001089,Bexleyheath and Crayford (Post 2024 General Election), [x] , [x] , [x] , [x] ,69,76
E14001090,Bicester and Woodstock (Post 2024 General Election), [x] , [x] , [x] , [x] ,165,165
E14001091,Birkenhead (Post 2024 General Election), [x] , [x] , [x] , [x] ,28,37
E14001092,Birmingham Edgbaston (Post 2024 General Election), [x] , [x] , [x] , [x] ,63,98
E14001093,Birmingham Erdington (Post 2024 General Election), [x] , [x] , [x] , [x] ,54,88
E14001094,Birmingham Hall Green and Moseley (Post 2024 General Election), [x] , [x] , [x] , [x] ,51,112
E14001095,Birmingham Hodge Hill and Solihull North (Post 2024 General Election), [x] , [x] , [x] , [x] ,14,19
E14001096,Birmingham Ladywood (Post 2024 General Election), [x] , [x] , [x] , [x] ,315,339
E14001097,Birmingham Northfield (Post 2024 General Election), [x] , [x] , [x] , [x] ,19,29
E14001098,Birmingham Perry Barr (Post 2024 General Election), [x] , [x] , [x] , [x] ,22,101
E14001099,Birmingham Selly Oak (Post 2024 General Election), [x] , [x] , [x] , [x] ,23,70
E14001100,Birmingham Yardley (Post 2024 General Election), [x] , [x] , [x] , [x] ,31,39
E14001101,Bishop Auckland (Post 2024 General Election), [x] , [x] , [x] , [x] ,70,76
E14001102,Blackburn (Post 2024 General Election), [x] , [x] , [x] , [x] ,41,46
E14001103,Blackley and Middleton South (Post 2024 General Election), [x] , [x] , [x] , [x] ,52,52
E14001104,Blackpool North and Fleetwood (Post 2024 General Election), [x] , [x] , [x] , [x] ,38,41
E14001105,Blackpool South (Post 2024 General Election), [x] , [x] , [x] , [x] ,79,95
E14001106,Blaydon and Consett (Post 2024 General Election), [x] , [x] , [x] , [x] ,29,34
E14001107,Blyth and Ashington (Post 2024 General Election), [x] , [x] , [x] , [x] ,96,99
E14001108,Bognor Regis and Littlehampton (Post 2024 General Election), [x] , [x] , [x] , [x] ,106,123
E14001109,Bolsover (Post 2024 General Election), [x] , [x] , [x] , [x] ,75,107
E14001110,Bolton North East (Post 2024 General Election), [x] , [x] , [x] , [x] ,16,16
E14001111,Bolton South and Walkden (Post 2024 General Election), [x] , [x] , [x] , [x] ,47,40
E14001112,Bolton West (Post 2024 General Election), [x] , [x] , [x] , [x] ,34,21
E14001113,Bootle (Post 2024 General Election), [x] , [x] , [x] , [x] ,14,14
E14001114,Boston and Skegness (Post 2024 General Election), [x] , [x] , [x] , [x] ,79,82
E14001115,Bournemouth East (Post 2024 General Election), [x] , [x] , [x] , [x] ,40,46
E14001116,Bournemouth West (Post 2024 General Election), [x] , [x] , [x] , [x] ,54,57
E14001117,Bracknell (Post 2024 General Election), [x] , [x] , [x] , [x] ,100,135
E14001118,Bradford East (Post 2024 General Election), [x] , [x] , [x] , [x] ,61,65
E14001119,Bradford South (Post 2024 General Election), [x] , [x] , [x] , [x] ,32,48
E14001120,Bradford West (Post 2024 General Election), [x] , [x] , [x] , [x] ,32,33
E14001121,Braintree (Post 2024 General Election), [x] , [x] , [x] , [x] ,99,100
E14001122,Brent East (Post 2024 General Election), [x] , [x] , [x] , [x] ,432,443
E14001123,Brent West (Post 2024 General Election), [x] , [x] , [x] , [x] ,288,288
E14001124,Brentford and Isleworth (Post 2024 General Election), [x] , [x] , [x] , [x] ,239,293
E14001125,Brentwood and Ongar (Post 2024 General Election), [x] , [x] , [x] , [x] ,44,45
E14001126,Bridgwater (Post 2024 General Election), [x] , [x] , [x] , [x] ,68,70
E14001127,Bridlington and The Wolds (Post 2024 General Election), [x] , [x] , [x] , [x] ,52,57
E14001128,Brigg and Immingham (Post 2024 General Election), [x] , [x] , [x] , [x] ,67,70
E14001129,Brighton Kemptown and Peacehaven (Post 2024 General Election), [x] , [x] , [x] , [x] ,89,94
E14001130,Brighton Pavilion (Post 2024 General Election), [x] , [x] , [x] , [x] ,231,242
E14001131,Bristol Central (Post 2024 General Election), [x] , [x] , [x] , [x] ,45,54
E14001132,Bristol East (Post 2024 General Election), [x] , [x] , [x] , [x] ,38,45
E14001133,Bristol North East (Post 2024 General Election), [x] , [x] , [x] , [x] ,40,48
E14001134,Bristol North West (Post 2024 General Election), [x] , [x] , [x] , [x] ,40,45
E14001135,Bristol South (Post 2024 General Election), [x] , [x] , [x] , [x] ,19,17
E14001136,Broadland and Fakenham (Post 2024 General Election), [x] , [x] , [x] , [x] ,91,93
E14001137,Bromley and Biggin Hill (Post 2024 General Election), [x] , [x] , [x] , [x] ,58,59
E14001138,Bromsgrove (Post 2024 General Election), [x] , [x] , [x] , [x] ,119,126
E14001139,Broxbourne (Post 2024 General Election), [x] , [x] , [x] , [x] ,75,68
E14001140,Broxtowe (Post 2024 General Election), [x] , [x] , [x] , [x] ,56,53
E14001141,Buckingham and Bletchley (Post 2024 General Election), [x] , [x] , [x] , [x] ,112,113
E14001142,Burnley (Post 2024 General Election), [x] , [x] , [x] , [x] ,57,59
E14001143,Burton and Uttoxeter (Post 2024 General Election), [x] , [x] , [x] , [x] ,91,84
E14001144,Bury North (Post 2024 General Election), [x] , [x] , [x] , [x] ,33,33
E14001145,Bury South (Post 2024 General Election), [x] , [x] , [x] , [x] ,22,22
E14001146,Bury St Edmunds and Stowmarket (Post 2024 General Election), [x] , [x] , [x] , [x] ,153,171
E14001147,Calder Valley (Post 2024 General Election), [x] , [x] , [x] , [x] ,74,93
E14001148,Camborne and Redruth (Post 2024 General Election), [x] , [x] , [x] , [x] ,111,104
E14001149,Cambridge (Post 2024 General Election), [x] , [x] , [x] , [x] ,202,342
E14001150,Cannock Chase (Post 2024 General Election), [x] , [x] , [x] , [x] ,54,61
E14001151,Canterbury (Post 2024 General Election), [x] , [x] , [x] , [x] ,84,81
E14001152,Carlisle (Post 2024 General Election), [x] , [x] , [x] , [x] ,138,134
E14001153,Carshalton and Wallington (Post 2024 General Election), [x] , [x] , [x] , [x] ,117,103
E14001154,Castle Point (Post 2024 General Election), [x] , [x] , [x] , [x] ,3,9
E14001155,Central Devon (Post 2024 General Election), [x] , [x] , [x] , [x] ,99,79
E14001156,Central Suffolk and North Ipswich (Post 2024 General Election), [x] , [x] , [x] , [x] ,72,77
E14001157,Chatham and Aylesford (Post 2024 General Election), [x] , [x] , [x] , [x] ,39,38
E14001158,Cheadle (Post 2024 General Election), [x] , [x] , [x] , [x] ,22,28
E14001159,Chelmsford (Post 2024 General Election), [x] , [x] , [x] , [x] ,53,61
E14001160,Chelsea and Fulham (Post 2024 General Election), [x] , [x] , [x] , [x] ,"1,389",1377
E14001161,Cheltenham (Post 2024 General Election), [x] , [x] , [x] , [x] ,157,170
E14001162,Chesham and Amersham (Post 2024 General Election), [x] , [x] , [x] , [x] ,64,67
E14001163,Chester North and Neston (Post 2024 General Election), [x] , [x] , [x] , [x] ,99,105
E14001164,Chester South and Eddisbury (Post 2024 General Election), [x] , [x] , [x] , [x] ,65,62
E14001165,Chesterfield (Post 2024 General Election), [x] , [x] , [x] , [x] ,109,97
E14001166,Chichester (Post 2024 General Election), [x] , [x] , [x] , [x] ,70,78
E14001167,Chingford and Woodford Green (Post 2024 General Election), [x] , [x] , [x] , [x] ,172,190
E14001168,Chippenham (Post 2024 General Election), [x] , [x] , [x] , [x] ,94,92
E14001169,Chipping Barnet (Post 2024 General Election), [x] , [x] , [x] , [x] ,117,117
E14001170,Chorley (Post 2024 General Election), [x] , [x] , [x] , [x] ,64,79
E14001171,Christchurch (Post 2024 General Election), [x] , [x] , [x] , [x] ,76,84
E14001172,Cities of London and Westminster (Post 2024 General Election), [x] , [x] , [x] , [x] ,"1,621",1556
E14001173,City of Durham (Post 2024 General Election), [x] , [x] , [x] , [x] ,113,123
E14001174,Clacton (Post 2024 General Election), [x] , [x] , [x] , [x] ,29,32
E14001175,Clapham and Brixton Hill (Post 2024 General Election), [x] , [x] , [x] , [x] ,161,195
E14001176,Colchester (Post 2024 General Election), [x] , [x] , [x] , [x] ,45,50
E14001177,Colne Valley (Post 2024 General Election), [x] , [x] , [x] , [x] ,49,52
E14001178,Congleton (Post 2024 General Election), [x] , [x] , [x] , [x] ,31,35
E14001179,Corby and East Northamptonshire (Post 2024 General Election), [x] , [x] , [x] , [x] ,78,86
E14001180,Coventry East (Post 2024 General Election), [x] , [x] , [x] , [x] ,732,645
E14001181,Coventry North West (Post 2024 General Election), [x] , [x] , [x] , [x] ,788,741
E14001182,Coventry South (Post 2024 General Election), [x] , [x] , [x] , [x] ,909,886
E14001183,Cramlington and Killingworth (Post 2024 General Election), [x] , [x] , [x] , [x] ,65,78
E14001184,Crawley (Post 2024 General Election), [x] , [x] , [x] , [x] ,138,148
E14001185,Crewe and Nantwich (Post 2024 General Election), [x] , [x] , [x] , [x] ,70,74
E14001186,Croydon East (Post 2024 General Election), [x] , [x] , [x] , [x] ,88,93
E14001187,Croydon South (Post 2024 General Election), [x] , [x] , [x] , [x] ,86,95
E14001188,Croydon West (Post 2024 General Election), [x] , [x] , [x] , [x] ,139,145
E14001189,Dagenham and Rainham (Post 2024 General Election), [x] , [x] , [x] , [x] ,70,71
E14001190,Darlington (Post 2024 General Election), [x] , [x] , [x] , [x] ,102,89
E14001191,Dartford (Post 2024 General Election), [x] , [x] , [x] , [x] ,112,119
E14001192,Daventry (Post 2024 General Election), [x] , [x] , [x] , [x] ,107,106
E14001193,Derby North (Post 2024 General Election), [x] , [x] , [x] , [x] ,48,49
E14001194,Derby South (Post 2024 General Election), [x] , [x] , [x] , [x] ,110,121
E14001195,Derbyshire Dales (Post 2024 General Election), [x] , [x] , [x] , [x] ,77,85
E14001196,Dewsbury and Batley (Post 2024 General Election), [x] , [x] , [x] , [x] ,20,29
E14001197,Didcot and Wantage (Post 2024 General Election), [x] , [x] , [x] , [x] ,84,86
E14001198,Doncaster Central (Post 2024 General Election), [x] , [x] , [x] , [x] ,81,92
E14001199,Doncaster East and the Isle of Axholme (Post 2024 General Election), [x] , [x] , [x] , [x] ,43,41
E14001200,Doncaster North (Post 2024 General Election), [x] , [x] , [x] , [x] ,36,36
E14001201,Dorking and Horley (Post 2024 General Election), [x] , [x] , [x] , [x] ,84,86
E14001202,Dover and Deal (Post 2024 General Election), [x] , [x] , [x] , [x] ,71,71
E14001203,Droitwich and Evesham (Post 2024 General Election), [x] , [x] , [x] , [x] ,97,115
E14001204,Dudley (Post 2024 General Election), [x] , [x] , [x] , [x] ,38,35
E14001205,Dulwich and West Norwood (Post 2024 General Election), [x] , [x] , [x] , [x] ,394,445
E14001206,Dunstable and Leighton Buzzard (Post 2024 General Election), [x] , [x] , [x] , [x] ,105,121
E14001207,Ealing Central and Acton (Post 2024 General Election), [x] , [x] , [x] , [x] ,583,583
E14001208,Ealing North (Post 2024 General Election), [x] , [x] , [x] , [x] ,198,220
E14001209,Ealing Southall (Post 2024 General Election), [x] , [x] , [x] , [x] ,200,207
E14001210,Earley and Woodley (Post 2024 General Election), [x] , [x] , [x] , [x] ,125,125
E14001211,Easington (Post 2024 General Election), [x] , [x] , [x] , [x] ,32,36
E14001212,East Grinstead and Uckfield (Post 2024 General Election), [x] , [x] , [x] , [x] ,183,189
E14001213,East Ham (Post 2024 General Election), [x] , [x] , [x] , [x] ,73,77
E14001214,East Hampshire (Post 2024 General Election), [x] , [x] , [x] , [x] ,25,21
E14001215,East Surrey (Post 2024 General Election), [x] , [x] , [x] , [x] ,43,41
E14001216,East Thanet (Post 2024 General Election), [x] , [x] , [x] , [x] ,51,54
E14001217,East Wiltshire (Post 2024 General Election), [x] , [x] , [x] , [x] ,130,135
E14001218,East Worthing and Shoreham (Post 2024 General Election), [x] , [x] , [x] , [x] ,70,72
E14001219,Eastbourne (Post 2024 General Election), [x] , [x] , [x] , [x] ,65,63
E14001220,Eastleigh (Post 2024 General Election), [x] , [x] , [x] , [x] ,68,73
E14001221,Edmonton and Winchmore Hill (Post 2024 General Election), [x] , [x] , [x] , [x] ,107,100
E14001222,Ellesmere Port and Bromborough (Post 2024 General Election), [x] , [x] , [x] , [x] ,35,32
E14001223,Eltham and Chislehurst (Post 2024 General Election), [x] , [x] , [x] , [x] ,55,66
E14001224,Ely and East Cambridgeshire (Post 2024 General Election), [x] , [x] , [x] , [x] ,107,97
E14001225,Enfield North (Post 2024 General Election), [x] , [x] , [x] , [x] ,83,82
E14001226,Epping Forest (Post 2024 General Election), [x] , [x] , [x] , [x] ,63,66
E14001227,Epsom and Ewell (Post 2024 General Election), [x] , [x] , [x] , [x] ,87,119
E14001228,Erewash (Post 2024 General Election), [x] , [x] , [x] , [x] ,31,32
E14001229,Erith and Thamesmead (Post 2024 General Election), [x] , [x] , [x] , [x] ,72,59
E14001230,Esher and Walton (Post 2024 General Election), [x] , [x] , [x] , [x] ,38,39
E14001231,Exeter (Post 2024 General Election), [x] , [x] , [x] , [x] ,100,138
E14001232,Exmouth and Exeter East (Post 2024 General Election), [x] , [x] , [x] , [x] ,202,207
E14001233,Fareham and Waterlooville (Post 2024 General Election), [x] , [x] , [x] , [x] ,39,38
E14001234,Farnham and Bordon (Post 2024 General Election), [x] , [x] , [x] , [x] ,57,66
E14001235,Faversham and Mid Kent (Post 2024 General Election), [x] , [x] , [x] , [x] ,65,81
E14001236,Feltham and Heston (Post 2024 General Election), [x] , [x] , [x] , [x] ,136,146
E14001237,Filton and Bradley Stoke (Post 2024 General Election), [x] , [x] , [x] , [x] ,198,185
E14001238,Finchley and Golders Green (Post 2024 General Election), [x] , [x] , [x] , [x] ,221,214
E14001239,Folkestone and Hythe (Post 2024 General Election), [x] , [x] , [x] , [x] ,128,130
E14001240,Forest of Dean (Post 2024 General Election), [x] , [x] , [x] , [x] ,81,80
E14001241,Frome and East Somerset (Post 2024 General Election), [x] , [x] , [x] , [x] ,53,58
E14001242,Fylde (Post 2024 General Election), [x] , [x] , [x] , [x] ,64,62
E14001243,Gainsborough (Post 2024 General Election), [x] , [x] , [x] , [x] ,41,42
E14001244,Gateshead Central and Whickham (Post 2024 General Election), [x] , [x] , [x] , [x] ,155,159
E14001245,Gedling (Post 2024 General Election), [x] , [x] , [x] , [x] ,82,88
E14001246,Gillingham and Rainham (Post 2024 General Election), [x] , [x] , [x] , [x] ,88,116
E14001247,Glastonbury and Somerton (Post 2024 General Election), [x] , [x] , [x] , [x] ,108,96
E14001248,Gloucester (Post 2024 General Election), [x] , [x] , [x] , [x] ,104,99
E14001249,Godalming and Ash (Post 2024 General Election), [x] , [x] , [x] , [x] ,83,86
E14001250,Goole and Pocklington (Post 2024 General Election), [x] , [x] , [x] , [x] ,32,40
E14001251,Gorton and Denton (Post 2024 General Election), [x] , [x] , [x] , [x] ,32,32
E14001252,Gosport (Post 2024 General Election), [x] , [x] , [x] , [x] ,41,47
E14001253,Grantham and Bourne (Post 2024 General Election), [x] , [x] , [x] , [x] ,72,72
E14001254,Gravesham (Post 2024 General Election), [x] , [x] , [x] , [x] ,70,66
E14001255,Great Grimsby and Cleethorpes (Post 2024 General Election), [x] , [x] , [x] , [x] ,49,40
E14001256,Great Yarmouth (Post 2024 General Election), [x] , [x] , [x] , [x] ,96,83
E14001257,Greenwich and Woolwich (Post 2024 General Election), [x] , [x] , [x] , [x] ,176,166
E14001258,Guildford (Post 2024 General Election), [x] , [x] , [x] , [x] ,108,119
E14001259,Hackney North and Stoke Newington (Post 2024 General Election), [x] , [x] , [x] , [x] ,460,554
E14001260,Hackney South and Shoreditch (Post 2024 General Election), [x] , [x] , [x] , [x] ,262,416
E14001261,Halesowen (Post 2024 General Election), [x] , [x] , [x] , [x] ,25,31
E14001262,Halifax (Post 2024 General Election), [x] , [x] , [x] , [x] ,28,27
E14001263,Hamble Valley (Post 2024 General Election), [x] , [x] , [x] , [x] ,82,108
E14001264,Hammersmith and Chiswick (Post 2024 General Election), [x] , [x] , [x] , [x] ,"1,422",1414
E14001265,Hampstead and Highgate (Post 2024 General Election), [x] , [x] , [x] , [x] ,368,363
E14001266,"Harborough, Oadby and Wigston (Post 2024 General Election)", [x] , [x] , [x] , [x] ,100,103
E14001267,Harlow (Post 2024 General Election), [x] , [x] , [x] , [x] ,46,56
E14001268,Harpenden and Berkhamsted (Post 2024 General Election), [x] , [x] , [x] , [x] ,71,82
E14001269,Harrogate and Knaresborough (Post 2024 General Election), [x] , [x] , [x] , [x] ,168,175
E14001270,Harrow East (Post 2024 General Election), [x] , [x] , [x] , [x] ,30,36
E14001271,Harrow West (Post 2024 General Election), [x] , [x] , [x] , [x] ,49,50
E14001272,Hartlepool (Post 2024 General Election), [x] , [x] , [x] , [x] ,33,34
E14001273,Harwich and North Essex (Post 2024 General Election), [x] , [x] , [x] , [x] ,22,31
E14001274,Hastings and Rye (Post 2024 General Election), [x] , [x] , [x] , [x] ,54,44
E14001275,Havant (Post 2024 General Election), [x] , [x] , [x] , [x] ,38,41
E14001276,Hayes and Harlington (Post 2024 General Election), [x] , [x] , [x] , [x] ,118,119
E14001277,Hazel Grove (Post 2024 General Election), [x] , [x] , [x] , [x] ,42,32
E14001278,Hemel Hempstead (Post 2024 General Election), [x] , [x] , [x] , [x] ,73,86
E14001279,Hendon (Post 2024 General Election), [x] , [x] , [x] , [x] ,114,172
E14001280,Henley and Thame (Post 2024 General Election), [x] , [x] , [x] , [x] ,68,69
E14001281,Hereford and South Herefordshire (Post 2024 General Election), [x] , [x] , [x] , [x] ,62,65
E14001282,Herne Bay and Sandwich (Post 2024 General Election), [x] , [x] , [x] , [x] ,52,51
E14001283,Hertford and Stortford (Post 2024 General Election), [x] , [x] , [x] , [x] ,83,89
E14001284,Hertsmere (Post 2024 General Election), [x] , [x] , [x] , [x] ,95,127
E14001285,Hexham (Post 2024 General Election), [x] , [x] , [x] , [x] ,185,206
E14001286,Heywood and Middleton North (Post 2024 General Election), [x] , [x] , [x] , [x] ,52,62
E14001287,High Peak (Post 2024 General Election), [x] , [x] , [x] , [x] ,58,58
E14001288,Hinckley and Bosworth (Post 2024 General Election), [x] , [x] , [x] , [x] ,88,86
E14001289,Hitchin (Post 2024 General Election), [x] , [x] , [x] , [x] ,41,44
E14001290,Holborn and St Pancras (Post 2024 General Election), [x] , [x] , [x] , [x] ,296,297
E14001291,Honiton and Sidmouth (Post 2024 General Election), [x] , [x] , [x] , [x] ,103,112
E14001292,Hornchurch and Upminster (Post 2024 General Election), [x] , [x] , [x] , [x] ,27,29
E14001293,Hornsey and Friern Barnet (Post 2024 General Election), [x] , [x] , [x] , [x] ,136,141
E14001294,Horsham (Post 2024 General Election), [x] , [x] , [x] , [x] ,63,105
E14001295,Houghton and Sunderland South (Post 2024 General Election), [x] , [x] , [x] , [x] ,18,30
E14001296,Hove and Portslade (Post 2024 General Election), [x] , [x] , [x] , [x] ,174,190
E14001297,Huddersfield (Post 2024 General Election), [x] , [x] , [x] , [x] ,19,22
E14001298,Huntingdon (Post 2024 General Election), [x] , [x] , [x] , [x] ,86,91
E14001299,Hyndburn (Post 2024 General Election), [x] , [x] , [x] , [x] ,64,70
E14001300,Ilford North (Post 2024 General Election), [x] , [x] , [x] , [x] ,80,88
E14001301,Ilford South (Post 2024 General Election), [x] , [x] , [x] , [x] ,102,105
E14001302,Ipswich (Post 2024 General Election), [x] , [x] , [x] , [x] ,90,100
E14001303,Isle of Wight East (Post 2024 General Election), [x] , [x] , [x] , [x] ,56,62
E14001304,Isle of Wight West (Post 2024 General Election), [x] , [x] , [x] , [x] ,43,49
E14001305,Islington North (Post 2024 General Election), [x] , [x] , [x] , [x] ,267,332
E14001306,Islington South and Finsbury (Post 2024 General Election), [x] , [x] , [x] , [x] ,343,372
E14001307,Jarrow and Gateshead East (Post 2024 General Election), [x] , [x] , [x] , [x] ,34,47
E14001308,Keighley and Ilkley (Post 2024 General Election), [x] , [x] , [x] , [x] ,41,44
E14001309,Kenilworth and Southam (Post 2024 General Election), [x] , [x] , [x] , [x] ,135,127
E14001310,Kensington and Bayswater (Post 2024 General Election), [x] , [x] , [x] , [x] ,"1,030",987
E14001311,Kettering (Post 2024 General Election), [x] , [x] , [x] , [x] ,111,125
E14001312,Kingston and Surbiton (Post 2024 General Election), [x] , [x] , [x] , [x] ,251,282
E14001313,Kingston upon Hull East (Post 2024 General Election), [x] , [x] , [x] , [x] ,23,21
E14001314,Kingston upon Hull North and Cottingham (Post 2024 General Election), [x] , [x] , [x] , [x] ,98,94
E14001315,Kingston upon Hull West and Haltemprice (Post 2024 General Election), [x] , [x] , [x] , [x] ,59,77
E14001316,Kingswinford and South Staffordshire (Post 2024 General Election), [x] , [x] , [x] , [x] ,31,17
E14001317,Knowsley (Post 2024 General Election), [x] , [x] , [x] , [x] ,33,31
E14001318,Lancaster and Wyre (Post 2024 General Election), [x] , [x] , [x] , [x] ,119,132
E14001319,Leeds Central and Headingley (Post 2024 General Election), [x] , [x] , [x] , [x] ,108,117
E14001320,Leeds East (Post 2024 General Election), [x] , [x] , [x] , [x] ,60,71
E14001321,Leeds North East (Post 2024 General Election), [x] , [x] , [x] , [x] ,11,11
E14001322,Leeds North West (Post 2024 General Election), [x] , [x] , [x] , [x] ,34,34
E14001323,Leeds South (Post 2024 General Election), [x] , [x] , [x] , [x] ,187,188
E14001324,Leeds South West and Morley (Post 2024 General Election), [x] , [x] , [x] , [x] ,136,135
E14001325,Leeds West and Pudsey (Post 2024 General Election), [x] , [x] , [x] , [x] ,15,35
E14001326,Leicester East (Post 2024 General Election), [x] , [x] , [x] , [x] ,14,35
E14001327,Leicester South (Post 2024 General Election), [x] , [x] , [x] , [x] ,87,84
E14001328,Leicester West (Post 2024 General Election), [x] , [x] , [x] , [x] ,104,89
E14001329,Leigh and Atherton (Post 2024 General Election), [x] , [x] , [x] , [x] ,47,46
E14001330,Lewes (Post 2024 General Election), [x] , [x] , [x] , [x] ,132,163
E14001331,Lewisham East (Post 2024 General Election), [x] , [x] , [x] , [x] ,85,86
E14001332,Lewisham North (Post 2024 General Election), [x] , [x] , [x] , [x] ,98,98
E14001333,Lewisham West and East Dulwich (Post 2024 General Election), [x] , [x] , [x] , [x] ,426,430
E14001334,Leyton and Wanstead (Post 2024 General Election), [x] , [x] , [x] , [x] ,361,393
E14001335,Lichfield (Post 2024 General Election), [x] , [x] , [x] , [x] ,40,49
E14001336,Lincoln (Post 2024 General Election), [x] , [x] , [x] , [x] ,149,160
E14001337,Liverpool Garston (Post 2024 General Election), [x] , [x] , [x] , [x] ,68,68
E14001338,Liverpool Riverside (Post 2024 General Election), [x] , [x] , [x] , [x] ,144,159
E14001339,Liverpool Walton (Post 2024 General Election), [x] , [x] , [x] , [x] ,111,114
E14001340,Liverpool Wavertree (Post 2024 General Election), [x] , [x] , [x] , [x] ,192,186
E14001341,Liverpool West Derby (Post 2024 General Election), [x] , [x] , [x] , [x] ,75,81
E14001342,Loughborough (Post 2024 General Election), [x] , [x] , [x] , [x] ,47,56
E14001343,Louth and Horncastle (Post 2024 General Election), [x] , [x] , [x] , [x] ,54,57
E14001344,Lowestoft (Post 2024 General Election), [x] , [x] , [x] , [x] ,34,39
E14001345,Luton North (Post 2024 General Election), [x] , [x] , [x] , [x] ,15,19
E14001346,Luton South and South Bedfordshire (Post 2024 General Election), [x] , [x] , [x] , [x] ,80,85
E14001347,Macclesfield (Post 2024 General Election), [x] , [x] , [x] , [x] ,31,28
E14001348,Maidenhead (Post 2024 General Election), [x] , [x] , [x] , [x] ,71,84
E14001349,Maidstone and Malling (Post 2024 General Election), [x] , [x] , [x] , [x] ,65,64
E14001350,Makerfield (Post 2024 General Election), [x] , [x] , [x] , [x] ,15,22
E14001351,Maldon (Post 2024 General Election), [x] , [x] , [x] , [x] ,27,28
E14001352,Manchester Central (Post 2024 General Election), [x] , [x] , [x] , [x] ,256,259
E14001353,Manchester Rusholme (Post 2024 General Election), [x] , [x] , [x] , [x] ,49,55
E14001354,Manchester Withington (Post 2024 General Election), [x] , [x] , [x] , [x] ,43,41
E14001355,Mansfield (Post 2024 General Election), [x] , [x] , [x] , [x] ,49,56
E14001356,Melksham and Devizes (Post 2024 General Election), [x] , [x] , [x] , [x] ,48,53
E14001357,Melton and Syston (Post 2024 General Election), [x] , [x] , [x] , [x] ,32,33
E14001358,Meriden and Solihull East (Post 2024 General Election), [x] , [x] , [x] , [x] ,270,258
E14001359,Mid Bedfordshire (Post 2024 General Election), [x] , [x] , [x] , [x] ,147,150
E14001360,Mid Buckinghamshire (Post 2024 General Election), [x] , [x] , [x] , [x] ,50,39
E14001361,Mid Cheshire (Post 2024 General Election), [x] , [x] , [x] , [x] ,25,27
E14001362,Mid Derbyshire (Post 2024 General Election), [x] , [x] , [x] , [x] ,57,67
E14001363,Mid Dorset and North Poole (Post 2024 General Election), [x] , [x] , [x] , [x] ,42,39
E14001364,Mid Leicestershire (Post 2024 General Election), [x] , [x] , [x] , [x] ,82,82
E14001365,Mid Norfolk (Post 2024 General Election), [x] , [x] , [x] , [x] ,75,76
E14001366,Mid Sussex (Post 2024 General Election), [x] , [x] , [x] , [x] ,87,97
E14001367,Middlesbrough and Thornaby East (Post 2024 General Election), [x] , [x] , [x] , [x] ,85,95
E14001368,Middlesbrough South and East Cleveland (Post 2024 General Election), [x] , [x] , [x] , [x] ,30,31
E14001369,Milton Keynes Central (Post 2024 General Election), [x] , [x] , [x] , [x] ,317,352
E14001370,Milton Keynes North (Post 2024 General Election), [x] , [x] , [x] , [x] ,270,302
E14001371,Mitcham and Morden (Post 2024 General Election), [x] , [x] , [x] , [x] ,325,324
E14001372,Morecambe and Lunesdale (Post 2024 General Election), [x] , [x] , [x] , [x] ,115,123
E14001373,New Forest East (Post 2024 General Election), [x] , [x] , [x] , [x] ,71,83
E14001374,New Forest West (Post 2024 General Election), [x] , [x] , [x] , [x] ,56,60
E14001375,Newark (Post 2024 General Election), [x] , [x] , [x] , [x] ,84,102
E14001376,Newbury (Post 2024 General Election), [x] , [x] , [x] , [x] ,164,177
E14001377,Newcastle upon Tyne Central and West (Post 2024 General Election), [x] , [x] , [x] , [x] ,161,150
E14001378,Newcastle upon Tyne East and Wallsend (Post 2024 General Election), [x] , [x] , [x] , [x] ,58,44
E14001379,Newcastle upon Tyne North (Post 2024 General Election), [x] , [x] , [x] , [x] ,92,94
E14001380,Newcastle-under-Lyme (Post 2024 General Election), [x] , [x] , [x] , [x] ,69,110
E14001381,Newton Abbot (Post 2024 General Election), [x] , [x] , [x] , [x] ,43,56
E14001382,Newton Aycliffe and Spennymoor (Post 2024 General Election), [x] , [x] , [x] , [x] ,69,86
E14001383,Normanton and Hemsworth (Post 2024 General Election), [x] , [x] , [x] , [x] ,24,23
E14001384,North Bedfordshire (Post 2024 General Election), [x] , [x] , [x] , [x] ,73,77
E14001385,North Cornwall (Post 2024 General Election), [x] , [x] , [x] , [x] ,223,230
E14001386,North Cotswolds (Post 2024 General Election), [x] , [x] , [x] , [x] ,127,125
E14001387,North Devon (Post 2024 General Election), [x] , [x] , [x] , [x] ,104,138
E14001388,North Dorset (Post 2024 General Election), [x] , [x] , [x] , [x] ,64,66
E14001389,North Durham (Post 2024 General Election), [x] , [x] , [x] , [x] ,57,57
E14001390,North East Cambridgeshire (Post 2024 General Election), [x] , [x] , [x] , [x] ,19,20
E14001391,North East Derbyshire (Post 2024 General Election), [x] , [x] , [x] , [x] ,25,24
E14001392,North East Hampshire (Post 2024 General Election), [x] , [x] , [x] , [x] ,148,151
E14001393,North East Hertfordshire (Post 2024 General Election), [x] , [x] , [x] , [x] ,61,63
E14001394,North East Somerset and Hanham (Post 2024 General Election), [x] , [x] , [x] , [x] ,51,51
E14001395,North Herefordshire (Post 2024 General Election), [x] , [x] , [x] , [x] ,52,54
E14001396,North Norfolk (Post 2024 General Election), [x] , [x] , [x] , [x] ,88,95
E14001397,North Northumberland (Post 2024 General Election), [x] , [x] , [x] , [x] ,198,207
E14001398,North Shropshire (Post 2024 General Election), [x] , [x] , [x] , [x] ,111,107
E14001399,North Somerset (Post 2024 General Election),[x],[x],[x],[x],56,65
E14001400,North Warwickshire and Bedworth (Post 2024 General Election),[x],[x],[x],[x],74,104
E14001401,North West Cambridgeshire (Post 2024 General Election),[x],[x],[x],[x],80,88
E14001402,North West Essex (Post 2024 General Election),[x],[x],[x],[x],89,91
E14001403,North West Hampshire (Post 2024 General Election),[x],[x],[x],[x],57,75
E14001404,North West Leicestershire (Post 2024 General Election),[x],[x],[x],[x],57,65
E14001405,North West Norfolk (Post 2024 General Election),[x],[x],[x],[x],104,109
E14001406,Northampton North (Post 2024 General Election),[x],[x],[x],[x],57,58
E14001407,Northampton South (Post 2024 General Election),[x],[x],[x],[x],40,85
E14001408,Norwich North (Post 2024 General Election),[x],[x],[x],[x],56,56
E14001409,Norwich South (Post 2024 General Election),[x],[x],[x],[x],75,96
E14001410,Nottingham East (Post 2024 General Election),[x],[x],[x],[x],160,162
E14001411,Nottingham North and Kimberley (Post 2024 General Election),[x],[x],[x],[x],33,46
E14001412,Nottingham South (Post 2024 General Election),[x],[x],[x],[x],111,105
E14001413,Nuneaton (Post 2024 General Election),[x],[x],[x],[x],27,25
E14001414,Old Bexley and Sidcup (Post 2024 General Election),[x],[x],[x],[x],90,105
E14001415,Oldham East and Saddleworth (Post 2024 General Election),[x],[x],[x],[x],31,42
E14001416,"Oldham West, Chadderton and Royton (Post 2024 General Election)",[x],[x],[x],[x],70,60
E14001417,Orpington (Post 2024 General Election),[x],[x],[x],[x],83,78
E14001418,Ossett and Denby Dale (Post 2024 General Election),[x],[x],[x],[x],40,51
E14001419,Oxford East (Post 2024 General Election),[x],[x],[x],[x],91,98
E14001420,Oxford West and Abingdon (Post 2024 General Election),[x],[x],[x],[x],158,154
E14001421,Peckham (Post 2024 General Election),[x],[x],[x],[x],625,639
E14001422,Pendle and Clitheroe (Post 2024 General Election),[x],[x],[x],[x],43,47
E14001423,Penistone and Stocksbridge (Post 2024 General Election),[x],[x],[x],[x],32,39
E14001424,Penrith and Solway (Post 2024 General Election),[x],[x],[x],[x],92,92
E14001425,Peterborough (Post 2024 General Election),[x],[x],[x],[x],55,68
E14001426,Plymouth Moor View (Post 2024 General Election),[x],[x],[x],[x],68,81
E14001427,Plymouth Sutton and Devonport (Post 2024 General Election),[x],[x],[x],[x],150,162
E14001428,"Pontefract, Castleford and Knottingley (Post 2024 General Election)",[x],[x],[x],[x],69,71
E14001429,Poole (Post 2024 General Election),[x],[x],[x],[x],62,51
E14001430,Poplar and Limehouse (Post 2024 General Election),[x],[x],[x],[x],221,219
E14001431,Portsmouth North (Post 2024 General Election),[x],[x],[x],[x],70,67
E14001432,Portsmouth South (Post 2024 General Election),[x],[x],[x],[x],77,84
E14001433,Preston (Post 2024 General Election),[x],[x],[x],[x],73,60
E14001434,Putney (Post 2024 General Election),[x],[x],[x],[x],521,473
E14001435,Queen's Park and Maida Vale (Post 2024 General Election),[x],[x],[x],[x],1252,1226
E14001436,Rawmarsh and Conisbrough (Post 2024 General Election),[x],[x],[x],[x],33,41
E14001437,Rayleigh and Wickford (Post 2024 General Election),[x],[x],[x],[x],34,34
E14001438,Reading Central (Post 2024 General Election),[x],[x],[x],[x],249,243
E14001439,Reading West and Mid Berkshire (Post 2024 General Election),[x],[x],[x],[x],115,127
E14001440,Redcar (Post 2024 General Election),[x],[x],[x],[x],49,50
E14001441,Redditch (Post 2024 General Election),[x],[x],[x],[x],36,33
E14001442,Reigate (Post 2024 General Election),[x],[x],[x],[x],37,51
E14001443,Ribble Valley (Post 2024 General Election),[x],[x],[x],[x],84,98
E14001444,Richmond and Northallerton (Post 2024 General Election),[x],[x],[x],[x],93,101
E14001445,Richmond Park (Post 2024 General Election),[x],[x],[x],[x],725,631
E14001446,Rochdale (Post 2024 General Election),[x],[x],[x],[x],27,29
E14001447,Rochester and Strood (Post 2024 General Election),[x],[x],[x],[x],83,59
E14001448,Romford (Post 2024 General Election),[x],[x],[x],[x],47,48
E14001449,Romsey and Southampton North (Post 2024 General Election),[x],[x],[x],[x],67,78
E14001450,Rossendale and Darwen (Post 2024 General Election),[x],[x],[x],[x],63,54
E14001451,Rother Valley (Post 2024 General Election),[x],[x],[x],[x],54,52
E14001452,Rotherham (Post 2024 General Election),[x],[x],[x],[x],79,82
E14001453,Rugby (Post 2024 General Election),[x],[x],[x],[x],112,127
E14001454,"Ruislip, Northwood and Pinner (Post 2024 General Election)",[x],[x],[x],[x],34,38
E14001455,Runcorn and Helsby (Post 2024 General Election),[x],[x],[x],[x],48,53
E14001456,Runnymede and Weybridge (Post 2024 General Election),[x],[x],[x],[x],140,153
E14001457,Rushcliffe (Post 2024 General Election),[x],[x],[x],[x],92,89
E14001458,Rutland and Stamford (Post 2024 General Election),[x],[x],[x],[x],74,84
E14001459,Salford (Post 2024 General Election),[x],[x],[x],[x],124,125
E14001460,Salisbury (Post 2024 General Election),[x],[x],[x],[x],69,62
E14001461,Scarborough and Whitby (Post 2024 General Election),[x],[x],[x],[x],125,139
E14001462,Scunthorpe (Post 2024 General Election),[x],[x],[x],[x],43,58
E14001463,Sefton Central (Post 2024 General Election),[x],[x],[x],[x],25,31
E14001464,Selby (Post 2024 General Election),[x],[x],[x],[x],18,20
E14001465,Sevenoaks (Post 2024 General Election),[x],[x],[x],[x],74,77
E14001466,Sheffield Brightside and Hillsborough (Post 2024 General Election),[x],[x],[x],[x],53,52
E14001467,Sheffield Central (Post 2024 General Election),[x],[x],[x],[x],103,134
E14001468,Sheffield Hallam (Post 2024 General Election),[x],[x],[x],[x],3,5
E14001469,Sheffield Heeley (Post 2024 General Election),[x],[x],[x],[x],17,29
E14001470,Sheffield South East (Post 2024 General Election),[x],[x],[x],[x],80,73
E14001471,Sherwood Forest (Post 2024 General Election),[x],[x],[x],[x],105,104
E14001472,Shipley (Post 2024 General Election),[x],[x],[x],[x],36,50
E14001473,Shrewsbury (Post 2024 General Election),[x],[x],[x],[x],63,89
E14001474,Sittingbourne and Sheppey (Post 2024 General Election),[x],[x],[x],[x],43,49
E14001475,Skipton and Ripon (Post 2024 General Election),[x],[x],[x],[x],136,133
E14001476,Sleaford and North Hykeham (Post 2024 General Election),[x],[x],[x],[x],30,29
E14001477,Slough (Post 2024 General Election),[x],[x],[x],[x],86,87
E14001478,Smethwick (Post 2024 General Election),[x],[x],[x],[x],37,37
E14001479,Solihull West and Shirley (Post 2024 General Election),[x],[x],[x],[x],81,91
E14001480,South Basildon and East Thurrock (Post 2024 General Election),[x],[x],[x],[x],23,32
E14001481,South Cambridgeshire (Post 2024 General Election),[x],[x],[x],[x],105,124
E14001482,South Cotswolds (Post 2024 General Election),[x],[x],[x],[x],254,278
E14001483,South Derbyshire (Post 2024 General Election),[x],[x],[x],[x],56,64
E14001484,South Devon (Post 2024 General Election),[x],[x],[x],[x],104,100
E14001485,South Dorset (Post 2024 General Election),[x],[x],[x],[x],59,83
E14001486,South East Cornwall (Post 2024 General Election),[x],[x],[x],[x],101,94
E14001487,South Holland and The Deepings (Post 2024 General Election),[x],[x],[x],[x],49,50
E14001488,South Leicestershire (Post 2024 General Election),[x],[x],[x],[x],90,83
E14001489,South Norfolk (Post 2024 General Election),[x],[x],[x],[x],56,90
E14001490,South Northamptonshire (Post 2024 General Election),[x],[x],[x],[x],139,102
E14001491,South Ribble (Post 2024 General Election),[x],[x],[x],[x],80,76
E14001492,South Shields (Post 2024 General Election),[x],[x],[x],[x],36,83
E14001493,South Shropshire (Post 2024 General Election),[x],[x],[x],[x],192,157
E14001494,South Suffolk (Post 2024 General Election),[x],[x],[x],[x],136,128
E14001495,South West Devon (Post 2024 General Election),[x],[x],[x],[x],56,63
E14001496,South West Hertfordshire (Post 2024 General Election),[x],[x],[x],[x],54,88
E14001497,South West Norfolk (Post 2024 General Election),[x],[x],[x],[x],51,47
E14001498,South West Wiltshire (Post 2024 General Election),[x],[x],[x],[x],82,76
E14001499,Southampton Itchen (Post 2024 General Election),[x],[x],[x],[x],38,52
E14001500,Southampton Test (Post 2024 General Election),[x],[x],[x],[x],33,37
E14001501,Southend East and Rochford (Post 2024 General Election),[x],[x],[x],[x],45,33
E14001502,Southend West and Leigh (Post 2024 General Election),[x],[x],[x],[x],22,23
E14001503,Southgate and Wood Green (Post 2024 General Election),[x],[x],[x],[x],123,128
E14001504,Southport (Post 2024 General Election),[x],[x],[x],[x],24,31
E14001505,Spelthorne (Post 2024 General Election),[x],[x],[x],[x],62,62
E14001506,Spen Valley (Post 2024 General Election),[x],[x],[x],[x],50,56
E14001507,St Albans (Post 2024 General Election),[x],[x],[x],[x],55,51
E14001508,St Austell and Newquay (Post 2024 General Election),[x],[x],[x],[x],145,151
E14001509,St Helens North (Post 2024 General Election),[x],[x],[x],[x],22,24
E14001510,St Helens South and Whiston (Post 2024 General Election),[x],[x],[x],[x],30,32
E14001511,St Ives (Post 2024 General Election),[x],[x],[x],[x],97,102
E14001512,St Neots and Mid Cambridgeshire (Post 2024 General Election),[x],[x],[x],[x],56,69
E14001513,Stafford (Post 2024 General Election),[x],[x],[x],[x],66,69
E14001514,Staffordshire Moorlands (Post 2024 General Election),[x],[x],[x],[x],25,37
E14001515,Stalybridge and Hyde (Post 2024 General Election),[x],[x],[x],[x],16,17
E14001516,Stevenage (Post 2024 General Election),[x],[x],[x],[x],99,132
E14001517,Stockport (Post 2024 General Election),[x],[x],[x],[x],82,78
E14001518,Stockton North (Post 2024 General Election),[x],[x],[x],[x],77,78
E14001519,Stockton West (Post 2024 General Election),[x],[x],[x],[x],30,29
E14001520,Stoke-on-Trent Central (Post 2024 General Election),[x],[x],[x],[x],93,50
E14001521,Stoke-on-Trent North (Post 2024 General Election),[x],[x],[x],[x],18,15
E14001522,Stoke-on-Trent South (Post 2024 General Election),[x],[x],[x],[x],46,49
E14001523,"Stone, Great Wyrley and Penkridge (Post 2024 General Election)",[x],[x],[x],[x],114,106
E14001524,Stourbridge (Post 2024 General Election),[x],[x],[x],[x],113,129
E14001525,Stratford and Bow (Post 2024 General Election),[x],[x],[x],[x],154,112
E14001526,Stratford-on-Avon (Post 2024 General Election),[x],[x],[x],[x],128,131
E14001527,Streatham and Croydon North (Post 2024 General Election),[x],[x],[x],[x],164,163
E14001528,Stretford and Urmston (Post 2024 General Election),[x],[x],[x],[x],121,122
E14001529,Stroud (Post 2024 General Election),[x],[x],[x],[x],88,130
E14001530,Suffolk Coastal (Post 2024 General Election),[x],[x],[x],[x],102,112
E14001531,Sunderland Central (Post 2024 General Election),[x],[x],[x],[x],253,387
E14001532,Surrey Heath (Post 2024 General Election),[x],[x],[x],[x],75,107
E14001533,Sussex Weald (Post 2024 General Election),[x],[x],[x],[x],38,52
E14001534,Sutton and Cheam (Post 2024 General Election),[x],[x],[x],[x],103,101
E14001535,Sutton Coldfield (Post 2024 General Election),[x],[x],[x],[x],37,45
E14001536,Swindon North (Post 2024 General Election),[x],[x],[x],[x],68,57
E14001537,Swindon South (Post 2024 General Election),[x],[x],[x],[x],71,81
E14001538,Tamworth (Post 2024 General Election),[x],[x],[x],[x],27,41
E14001539,Tatton (Post 2024 General Election),[x],[x],[x],[x],71,97
E14001540,Taunton and Wellington (Post 2024 General Election),[x],[x],[x],[x],80,73
E14001541,Telford (Post 2024 General Election),[x],[x],[x],[x],43,45
E14001542,Tewkesbury (Post 2024 General Election),[x],[x],[x],[x],61,60
E14001543,The Wrekin (Post 2024 General Election),[x],[x],[x],[x],58,62
E14001544,Thirsk and Malton (Post 2024 General Election),[x],[x],[x],[x],153,155
E14001545,Thornbury and Yate (Post 2024 General Election),[x],[x],[x],[x],69,72
E14001546,Thurrock (Post 2024 General Election),[x],[x],[x],[x],132,145
E14001547,Tipton and Wednesbury (Post 2024 General Election),[x],[x],[x],[x],24,42
E14001548,Tiverton and Minehead (Post 2024 General Election),[x],[x],[x],[x],71,76
E14001549,Tonbridge (Post 2024 General Election),[x],[x],[x],[x],46,55
E14001550,Tooting (Post 2024 General Election),[x],[x],[x],[x],541,468
E14001551,Torbay (Post 2024 General Election),[x],[x],[x],[x],26,39
E14001552,Torridge and Tavistock (Post 2024 General Election),[x],[x],[x],[x],84,90
E14001553,Tottenham (Post 2024 General Election),[x],[x],[x],[x],123,140
E14001554,Truro and Falmouth (Post 2024 General Election),[x],[x],[x],[x],71,72
E14001555,Tunbridge Wells (Post 2024 General Election),[x],[x],[x],[x],43,62
E14001556,Twickenham (Post 2024 General Election),[x],[x],[x],[x],533,454
E14001557,Tynemouth (Post 2024 General Election),[x],[x],[x],[x],51,51
E14001558,Uxbridge and South Ruislip (Post 2024 General Election),[x],[x],[x],[x],86,87
E14001559,Vauxhall and Camberwell Green (Post 2024 General Election),[x],[x],[x],[x],288,319
E14001560,Wakefield and Rothwell (Post 2024 General Election),[x],[x],[x],[x],74,70
E14001561,Wallasey (Post 2024 General Election),[x],[x],[x],[x],41,47
E14001562,Walsall and Bloxwich (Post 2024 General Election),[x],[x],[x],[x],40,47
E14001563,Walthamstow (Post 2024 General Election),[x],[x],[x],[x],377,426
E14001564,Warrington North (Post 2024 General Election),[x],[x],[x],[x],47,50
E14001565,Warrington South (Post 2024 General Election),[x],[x],[x],[x],109,109
E14001566,Warwick and Leamington (Post 2024 General Election),[x],[x],[x],[x],110,107
E14001567,Washington and Gateshead South (Post 2024 General Election),[x],[x],[x],[x],117,130
E14001568,Watford (Post 2024 General Election),[x],[x],[x],[x],455,498
E14001569,Waveney Valley (Post 2024 General Election),[x],[x],[x],[x],59,56
E14001570,Weald of Kent (Post 2024 General Election),[x],[x],[x],[x],40,49
E14001571,Wellingborough and Rushden (Post 2024 General Election),[x],[x],[x],[x],56,52
E14001572,Wells and Mendip Hills (Post 2024 General Election),[x],[x],[x],[x],87,98
E14001573,Welwyn Hatfield (Post 2024 General Election),[x],[x],[x],[x],268,220
E14001574,West Bromwich (Post 2024 General Election),[x],[x],[x],[x],51,58
E14001575,West Dorset (Post 2024 General Election),[x],[x],[x],[x],96,107
E14001576,West Ham and Beckton (Post 2024 General Election),[x],[x],[x],[x],98,102
E14001577,West Lancashire (Post 2024 General Election),[x],[x],[x],[x],89,110
E14001578,West Suffolk (Post 2024 General Election),[x],[x],[x],[x],158,161
E14001579,West Worcestershire (Post 2024 General Election),[x],[x],[x],[x],32,63
E14001580,Westmorland and Lonsdale (Post 2024 General Election),[x],[x],[x],[x],319,319
E14001581,Weston-super-Mare (Post 2024 General Election),[x],[x],[x],[x],47,54
E14001582,Wetherby and Easingwold (Post 2024 General Election),[x],[x],[x],[x],78,94
E14001583,Whitehaven and Workington (Post 2024 General Election),[x],[x],[x],[x],85,70
E14001584,Widnes and Halewood (Post 2024 General Election),[x],[x],[x],[x],40,35
E14001585,Wigan (Post 2024 General Election),[x],[x],[x],[x],37,31
E14001586,Wimbledon (Post 2024 General Election),[x],[x],[x],[x],484,503
E14001587,Winchester (Post 2024 General Election),[x],[x],[x],[x],141,141
E14001588,Windsor (Post 2024 General Election),[x],[x],[x],[x],141,103
E14001589,Wirral West (Post 2024 General Election),[x],[x],[x],[x],42,59
E14001590,Witham (Post 2024 General Election),[x],[x],[x],[x],75,64
E14001591,Witney (Post 2024 General Election),[x],[x],[x],[x],100,109
E14001592,Woking (Post 2024 General Election),[x],[x],[x],[x],194,196
E14001593,Wokingham (Post 2024 General Election),[x],[x],[x],[x],142,166
E14001594,Wolverhampton North East (Post 2024 General Election),[x],[x],[x],[x],17,17
E14001595,Wolverhampton South East (Post 2024 General Election),[x],[x],[x],[x],34,32
E14001596,Wolverhampton West (Post 2024 General Election),[x],[x],[x],[x],52,49
E14001597,Worcester (Post 2024 General Election),[x],[x],[x],[x],71,159
E14001598,Worsley and Eccles (Post 2024 General Election),[x],[x],[x],[x],70,92
E14001599,Worthing West (Post 2024 General Election),[x],[x],[x],[x],125,124
E14001600,Wycombe (Post 2024 General Election),[x],[x],[x],[x],54,60
E14001601,Wyre Forest (Post 2024 General Election),[x],[x],[x],[x],42,40
E14001602,Wythenshawe and Sale East (Post 2024 General Election),[x],[x],[x],[x],56,56
E14001603,Yeovil (Post 2024 General Election),[x],[x],[x],[x],73,73
E14001604,York Central (Post 2024 General Election),[x],[x],[x],[x],71,68
E14001605,York Outer (Post 2024 General Election),[x],[x],[x],[x],85,90
W92000004,Wales,"2,061","2,246","2,542","2,770","3,033",3127
W07000081,Aberafan Maesteg (Post 2024 General Election),[x],[x],[x],[x],22,21
W07000082,Alyn and Deeside (Post 2024 General Election),[x],[x],[x],[x],45,36
W07000083,Bangor Aberconwy (Post 2024 General Election),[x],[x],[x],[x],151,161
W07000084,Blaenau Gwent and Rhymney (Post 2024 General Election),[x],[x],[x],[x],105,90
W07000085,"Brecon, Radnor and Cwm Tawe (Post 2024 General Election)",[x],[x],[x],[x],88,81
W07000086,Bridgend (Post 2024 General Election),[x],[x],[x],[x],132,119
W07000087,Caerfyrddin (Post 2024 General Election),[x],[x],[x],[x],130,132
W07000088,Caerphilly (Post 2024 General Election),[x],[x],[x],[x],52,40
W07000089,Cardiff East (Post 2024 General Election),[x],[x],[x],[x],33,34
W07000090,Cardiff North (Post 2024 General Election),[x],[x],[x],[x],60,65
W07000091,Cardiff South and Penarth (Post 2024 General Election),[x],[x],[x],[x],80,84
W07000092,Cardiff West (Post 2024 General Election),[x],[x],[x],[x],75,58
W07000093,Ceredigion Preseli (Post 2024 General Election),[x],[x],[x],[x],171,178
W07000094,Clwyd East (Post 2024 General Election),[x],[x],[x],[x],102,81
W07000095,Clwyd North (Post 2024 General Election),[x],[x],[x],[x],93,74
W07000096,Dwyfor Meirionnydd (Post 2024 General Election),[x],[x],[x],[x],177,201
W07000097,Gower (Post 2024 General Election),[x],[x],[x],[x],106,94
W07000098,Llanelli (Post 2024 General Election),[x],[x],[x],[x],64,67
W07000099,Merthyr Tydfil and Aberdare (Post 2024 General Election),[x],[x],[x],[x],92,82
W07000100,Mid and South Pembrokeshire (Post 2024 General Election),[x],[x],[x],[x],199,210
W07000101,Monmouthshire (Post 2024 General Election),[x],[x],[x],[x],127,134
W07000102,Montgomeryshire and Glyndwr (Post 2024 General Election),[x],[x],[x],[x],84,114
W07000103,Neath and Swansea East (Post 2024 General Election),[x],[x],[x],[x],70,86
W07000104,Newport East (Post 2024 General Election),[x],[x],[x],[x],143,154
W07000105,Newport West and Islwyn (Post 2024 General Election),[x],[x],[x],[x],52,53
W07000106,Pontypridd (Post 2024 General Election),[x],[x],[x],[x],86,104
W07000107,Rhondda and Ogmore (Post 2024 General Election),[x],[x],[x],[x],74,62
W07000108,Swansea West (Post 2024 General Election),[x],[x],[x],[x],58,59
W07000109,Torfaen (Post 2024 General Election),[x],[x],[x],[x],68,90
W07000110,Vale of Glamorgan (Post 2024 General Election),[x],[x],[x],[x],141,193
W07000111,Wrexham (Post 2024 General Election),[x],[x],[x],[x],60,84
W07000112,Ynys Mï¿½n (Post 2024 General Election),[x],[x],[x],[x],93,86
S92000003,Scotland,"4,238","4,589","5,075","5,611","6,006",6138
S14000060,Aberdeen North (Post 2024 General Election),[x],[x],[x],[x],100,104
S14000061,Aberdeen South (Post 2024 General Election),[x],[x],[x],[x],129,126
S14000062,Aberdeenshire North and Moray East (Post 2024 General Election),[x],[x],[x],[x],55,59
S14000063,Airdrie and Shotts (Post 2024 General Election),[x],[x],[x],[x],72,72
S14000064,Alloa and Grangemouth (Post 2024 General Election),[x],[x],[x],[x],65,62
S14000065,Angus and Perthshire Glens (Post 2024 General Election),[x],[x],[x],[x],142,148
S14000066,Arbroath and Broughty Ferry (Post 2024 General Election),[x],[x],[x],[x],80,83
S14000067,"Argyll, Bute and South Lochaber (Post 2024 General Election)",[x],[x],[x],[x],166,167
S14000107,"Ayr, Carrick and Cumnock (Post 2024 General Election)",[x],[x],[x],[x],112,115
S14000068,Bathgate and Linlithgow (Post 2024 General Election),[x],[x],[x],[x],51,53
S14000108,"Berwickshire, Roxburgh and Selkirk (Post 2024 General Election)",[x],[x],[x],[x],73,66
S14000069,"Caithness, Sutherland and Easter Ross (Post 2024 General Election)",[x],[x],[x],[x],148,137
S14000109,Central Ayrshire (Post 2024 General Election),[x],[x],[x],[x],52,64
S14000070,Coatbridge and Bellshill (Post 2024 General Election),[x],[x],[x],[x],79,77
S14000071,Cowdenbeath and Kirkcaldy (Post 2024 General Election),[x],[x],[x],[x],66,52
S14000072,Cumbernauld and Kirkintilloch (Post 2024 General Election),[x],[x],[x],[x],58,51
S14000073,Dumfries and Galloway (Post 2024 General Election),[x],[x],[x],[x],234,242
S14000074,"Dumfriesshire, Clydesdale and Tweeddale (Post 2024 General Election)",[x],[x],[x],[x],221,234
S14000075,Dundee Central (Post 2024 General Election),[x],[x],[x],[x],209,237
S14000076,Dunfermline and Dollar (Post 2024 General Election),[x],[x],[x],[x],59,66
S14000077,East Kilbride and Strathaven (Post 2024 General Election),[x],[x],[x],[x],84,83
S14000021,East Renfrewshire,24,31,40,40,45,44
S14000078,Edinburgh East and Musselburgh (Post 2024 General Election),[x],[x],[x],[x],214,219
S14000079,Edinburgh North and Leith (Post 2024 General Election),[x],[x],[x],[x],114,129
S14000080,Edinburgh South (Post 2024 General Election),[x],[x],[x],[x],39,37
S14000081,Edinburgh South West (Post 2024 General Election),[x],[x],[x],[x],87,89
S14000082,Edinburgh West (Post 2024 General Election),[x],[x],[x],[x],137,199
S14000083,Falkirk (Post 2024 General Election),[x],[x],[x],[x],95,91
S14000084,Glasgow East (Post 2024 General Election),[x],[x],[x],[x],91,86
S14000085,Glasgow North (Post 2024 General Election),[x],[x],[x],[x],161,156
S14000086,Glasgow North East (Post 2024 General Election),[x],[x],[x],[x],130,134
S14000087,Glasgow South (Post 2024 General Election),[x],[x],[x],[x],33,31
S14000088,Glasgow South West (Post 2024 General Election),[x],[x],[x],[x],205,214
S14000089,Glasgow West (Post 2024 General Election),[x],[x],[x],[x],52,47
S14000090,Glenrothes and Mid Fife (Post 2024 General Election),[x],[x],[x],[x],43,40
S14000091,Gordon and Buchan (Post 2024 General Election),[x],[x],[x],[x],81,79
S14000092,Hamilton and Clyde Valley (Post 2024 General Election),[x],[x],[x],[x],107,105
S14000093,Inverclyde and Renfrewshire West (Post 2024 General Election),[x],[x],[x],[x],97,95
S14000094,"Inverness, Skye and West Ross-shire (Post 2024 General Election)",[x],[x],[x],[x],202,211
S14000110,Kilmarnock and Loudoun (Post 2024 General Election),[x],[x],[x],[x],100,93
S14000095,Livingston (Post 2024 General Election),[x],[x],[x],[x],58,67
S14000096,Lothian East (Post 2024 General Election),[x],[x],[x],[x],210,290
S14000097,Mid Dunbartonshire (Post 2024 General Election),[x],[x],[x],[x],38,37
S14000045,Midlothian,73,82,92,96,99,104
S14000098,"Moray West, Nairn and Strathspey (Post 2024 General Election)",[x],[x],[x],[x],117,114
S14000099,"Motherwell, Wishaw and Carluke (Post 2024 General Election)",[x],[x],[x],[x],81,72
S14000027,Na h-Eileanan an Iar,48,48,54,54,61,57
S14000048,North Ayrshire and Arran,60,72,81,94,108,102
S14000100,North East Fife (Post 2024 General Election),[x],[x],[x],[x],79,67
S14000051,Orkney and Shetland,86,88,91,92,94,75
S14000101,Paisley and Renfrewshire North (Post 2024 General Election),[x],[x],[x],[x],88,88
S14000102,Paisley and Renfrewshire South (Post 2024 General Election),[x],[x],[x],[x],86,86
S14000103,Perth and Kinross-shire (Post 2024 General Election),[x],[x],[x],[x],146,139
S14000104,Rutherglen (Post 2024 General Election),[x],[x],[x],[x],55,53
S14000105,Stirling and Strathallan (Post 2024 General Election),[x],[x],[x],[x],240,227
S14000111,West Aberdeenshire and Kincardine (Post 2024 General Election),[x],[x],[x],[x],86,90
S14000106,West Dunbartonshire (Post 2024 General Election),[x],[x],[x],[x],72,73
N92000002,Northern Ireland,430,464,545,617,639,680
N05000001,Belfast East (Post 2024 General Election),[x],[x],[x],[x],82,80
N05000002,Belfast North (Post 2024 General Election),[x],[x],[x],[x],23,27
N05000003,Belfast South and Mid Down (Post 2024 General Election),[x],[x],[x],[x],68,74
N05000004,Belfast West (Post 2024 General Election),[x],[x],[x],[x],32,32
N05000005,East Antrim (Post 2024 General Election),[x],[x],[x],[x],18,19
N05000006,East Londonderry (Post 2024 General Election),[x],[x],[x],[x],40,42
N05000007,Fermanagh and South Tyrone (Post 2024 General Election),[x],[x],[x],[x],63,69
N05000008,Foyle (Post 2024 General Election),[x],[x],[x],[x],26,28
N05000009,Lagan Valley (Post 2024 General Election),[x],[x],[x],[x],30,29
N05000010,Mid Ulster (Post 2024 General Election),[x],[x],[x],[x],23,26
N05000011,Newry and Armagh (Post 2024 General Election),[x],[x],[x],[x],30,33
N05000012,North Antrim (Post 2024 General Election),[x],[x],[x],[x],40,45
N05000013,North Down (Post 2024 General Election),[x],[x],[x],[x],24,26
N05000014,South Antrim (Post 2024 General Election),[x],[x],[x],[x],49,52
N05000015,South Down (Post 2024 General Election),[x],[x],[x],[x],25,28
N05000016,Strangford (Post 2024 General Election),[x],[x],[x],[x],13,13
N05000017,Upper Bann (Post 2024 General Election),[x],[x],[x],[x],32,35
N05000018,West Tyrone (Post 2024 General Election),[x],[x],[x],[x],21,22
